{
    "dataset": "test",
    "samples": 1274,
    "accuracy": 0.8547880690737834,
    "classification_report": {
        "fake": {
            "precision": 0.8363363363363363,
            "recall": 0.8799368088467614,
            "f1-score": 0.8575827559661277,
            "support": 633
        },
        "real": {
            "precision": 0.875,
            "recall": 0.8299531981279251,
            "f1-score": 0.8518815052041633,
            "support": 641
        },
        "micro avg": {
            "precision": 0.8547880690737834,
            "recall": 0.8547880690737834,
            "f1-score": 0.8547880690737834,
            "support": 1274
        },
        "macro avg": {
            "precision": 0.8556681681681682,
            "recall": 0.8549450034873433,
            "f1-score": 0.8547321305851454,
            "support": 1274
        },
        "weighted avg": {
            "precision": 0.855789561146704,
            "recall": 0.8547880690737834,
            "f1-score": 0.8547142302687812,
            "support": 1274
        },
        "samples avg": {
            "precision": 0.8547880690737834,
            "recall": 0.8547880690737834,
            "f1-score": 0.8547880690737834,
            "support": 1274
        }
    }
}