{
    "dataset": "test",
    "samples": 1274,
    "accuracy": 0.8540031397174255,
    "classification_report": {
        "fake": {
            "precision": 0.8381240544629349,
            "recall": 0.8751974723538705,
            "f1-score": 0.8562596599690881,
            "support": 633
        },
        "real": {
            "precision": 0.8711256117455138,
            "recall": 0.8330733229329174,
            "f1-score": 0.8516746411483255,
            "support": 641
        },
        "micro avg": {
            "precision": 0.8540031397174255,
            "recall": 0.8540031397174255,
            "f1-score": 0.8540031397174255,
            "support": 1274
        },
        "macro avg": {
            "precision": 0.8546248331042243,
            "recall": 0.8541353976433939,
            "f1-score": 0.8539671505587068,
            "support": 1274
        },
        "weighted avg": {
            "precision": 0.8547284486686909,
            "recall": 0.8540031397174255,
            "f1-score": 0.8539527548952193,
            "support": 1274
        },
        "samples avg": {
            "precision": 0.8540031397174255,
            "recall": 0.8540031397174255,
            "f1-score": 0.8540031397174255,
            "support": 1274
        }
    }
}